XPATH;ORIGINALTXT;TRANSLATEDTXT
"//catalog/category[attribute::category-id=""accessoires-cheveux""]/custom-attributes/custom-attribute[attribute::attribute-id=""headerMenuBanner""]";Sublimez votre coiffure grâce à nos kits d'accessoires pour cheveux. <br/>Design mode ou pensés pour le sport, nos kits s'adaptent à toutes les circonstances !;Perfecciona tu peinado gracias a nuestros kits de accesorios para pelo. <br/>Para un día de inspiración o para irte a hacer deporte, ¡nuestros kits se adaptan a todas las circunstancias!
"//catalog/category[attribute::category-id=""accessoires-cheveux""]/display-name[attribute::xml:lang=""fr-FR""]";Accessoires pour cheveux;Accesorios para el pelo
"//catalog/category[attribute::category-id=""accessoires-cheveux""]/page-attributes/page-description[attribute::xml:lang=""fr-FR""]";Découvrez la collection accessoires pour cheveux : headband, barette, serre tête, bijoux de tête - Sublimez votre coiffure grâce à BaByliss !;Descubre la colección de accesorios para el pelo: cinta para el pelo, hebilla, diadema, bisutería para el cabello: ¡embellece y decora tu peinado gracias a BaByliss!
"//catalog/category[attribute::category-id=""accessoires-cheveux""]/page-attributes/page-title[attribute::xml:lang=""fr-FR""]";Accessoires cheveux : découvrez notre gamme - BaByliss Paris;Accesorios para el pelo: descubre nuestra gama - BaByliss Paris
"//catalog/category[attribute::category-id=""accessoires-coiffure""]/display-name[attribute::xml:lang=""fr-FR""]";Accessoires coiffure;Accesorios pelo
"//catalog/category[attribute::category-id=""accessoires-maquillage""]/custom-attributes/custom-attribute[attribute::attribute-id=""headerMenuBanner""]";"Maquillez-vous comme une pro avec nos essentiels maquillages ! </br>
Grâce à notre gamme de pinceaux à maquillage, réussir son make-up est un jeu d'enfant.";"¡Maquíllate como un profesional con nuestros esenciales de maquillaje! </br>
Gracias a nuestra gama de brochas de maquillaje, maquillarse es un juego de niños."
"//catalog/category[attribute::category-id=""accessoires-maquillage""]/description[attribute::xml:lang=""fr-FR""]";Maquillez-vous comme une pro avec nos essentiels maquillages !;¡Maquíllate como una profesional con nuestros esenciales de maquillaje!
"//catalog/category[attribute::category-id=""accessoires-maquillage""]/display-name[attribute::xml:lang=""fr-FR""]";Gamme maquillage;Gama de maquillaje
"//catalog/category[attribute::category-id=""accessoires-maquillage""]/page-attributes/page-description[attribute::xml:lang=""fr-FR""]";Découvrez notre gamme accessoires maquillage : kit pinceau maquillage, pinceau kabuki, pinceau poudre - Maquillez-vous comme une pro grâce à BaByliss !;Descubre nuestra gama de accesorios de maquillaje: kit de brochas de maquillaje, brocha kabuki, brocha para polvo - ¡Maquíllate como una profesional gracias a BaByliss!
"//catalog/category[attribute::category-id=""accessoires-maquillage""]/page-attributes/page-title[attribute::xml:lang=""fr-FR""]";Accessoire maquillage : toute la gamme - BaByliss Paris;Accesorios de maquillaje: toda la gama - BaByliss Paris
"//catalog/category[attribute::category-id=""barbe""]/display-name[attribute::xml:lang=""fr-FR""]";Barbe;Barba
"//catalog/category[attribute::category-id=""beaute""]/description[attribute::xml:lang=""fr-FR""]";Tous les outils pour votre beauté;Todos los utensilios para tu belleza
"//catalog/category[attribute::category-id=""beaute""]/display-name[attribute::xml:lang=""fr-FR""]";Beauté;Belleza
"//catalog/category[attribute::category-id=""brosse-lissante""]/display-name[attribute::xml:lang=""fr-FR""]";Brosses lissantes;Cepillos alisadores
"//catalog/category[attribute::category-id=""brosse-lissante""]/page-attributes/page-description[attribute::xml:lang=""fr-FR""]";Découvrez la brosse lissante Liss Brush 3D et la Sublime brush : les brosses lissantes chauffantes indispensable pour vos coiffures grâce à leurs fonctions ioniques !;Descubre el cepillo alisador Liss Brush 3D y el Sublime brush: ¡los cepillos alisadores térmicos, indispensables para cualquier nivel de peinado gracias sobre todo a su doble generador de iones!
"//catalog/category[attribute::category-id=""brosse-lissante""]/page-attributes/page-title[attribute::xml:lang=""fr-FR""]";Brosses lissantes - BaByliss Paris;Cepillos alisadores - BaByliss Paris
"//catalog/category[attribute::category-id=""brosses-a-cheveux""]/custom-attributes/custom-attribute[attribute::attribute-id=""headerMenuBanner""]";Redonnez vie à vos cheveux grâce aux brosses BaByliss Paris. <br/>Elaborée pour le soin du cheveu et adaptée à tous les types de cheveux, notre gamme <br/>lisse, renforce et respecte vos cheveux.;Haz que tu cabello reviva gracias a los cepillos BaByliss Paris. <br/>Elaborada para el cuidado del cabello y adaptada a todos los tipos de cabello, nuestra gama <br/>alisa, refuerza y respeta tu pelo.
"//catalog/category[attribute::category-id=""brosses-a-cheveux""]/display-name[attribute::xml:lang=""fr-FR""]";Brosses;Cepillos
"//catalog/category[attribute::category-id=""brosses-a-cheveux""]/page-attributes/page-description[attribute::xml:lang=""fr-FR""]";Découvrez nos brosses à cheveux et peignes : brosse poil de sanglier, brosse brushing, peigne cheveux - Coiffage soin pour lisser, démêler, renforcer;Descubre nuestros cepillos y peines para el pelo: cepillo de cerdas de jabalí, fibra de nylon cepillo para brushing, peine para cabello - Cuidado del cabello para alisar, desenredar y reforzar
"//catalog/category[attribute::category-id=""brosses-a-cheveux""]/page-attributes/page-title[attribute::xml:lang=""fr-FR""]";Brosse : découvrez notre gamme - BaByliss Paris;Cepillo: descubre nuestra gama - BaByliss Paris
"//catalog/category[attribute::category-id=""brosse-soufflante""]/custom-attributes/custom-attribute[attribute::attribute-id=""headerMenuBanner""]";La brosse soufflante : tout simplement l'allié du brushing ! <br/>Donnez du volume aux cheveux courts et mi-longs grâce à nos modèles <br/>classiques, révélez vos boucles naturelles ou domptez les mèches rebelles avec nos brosses soufflantes rotatives. <br/>La mise en forme est simplifiée : obtenez en quelques minutes des cheveux soyeux et brillants !;El cepillo moldeador: ¡el aliado para el cepillado! <br/>Dale volumen al pelo corto y medias melenas con nuestros modelos <br/>clásicos, destaca tus rizos naturales o controla los mechones rebeldes con nuestros cepillos moldeadores giratorios. <br/>Dar forma a tu pelo es más sencillo: ¡consigue en unos minutos un cabello sedoso y brillante!
"//catalog/category[attribute::category-id=""brosse-soufflante""]/display-name[attribute::xml:lang=""fr-FR""]";Brosses Soufflantes;Cepillos moldeadores
"//catalog/category[attribute::category-id=""brosse-soufflante""]/page-attributes/page-description[attribute::xml:lang=""fr-FR""]";Découvrez nos brosses soufflantes : brosse soufflante lissante ou brosse soufflante rotative - Brushing facile pour un cheveu soyeux !;Descubre nuestros cepillos moldeadores: cepillo moldeador alisador o cepillo moldeador giratorio - ¡Cepillado fácil para un pelo sedoso!
"//catalog/category[attribute::category-id=""brosse-soufflante""]/page-attributes/page-title[attribute::xml:lang=""fr-FR""]";Brosse soufflante : Découvrez notre gamme - BaByliss Paris;Cepillo moldeador: Descubre nuestra gama - BaByliss Paris
"//catalog/category[attribute::category-id=""cheveux""]/display-name[attribute::xml:lang=""fr-FR""]";Cheveux;Pelo
"//catalog/category[attribute::category-id=""coffret-homme""]/display-name[attribute::xml:lang=""fr-FR""]";Coffret;Estuche
"//catalog/category[attribute::category-id=""corps""]/display-name[attribute::xml:lang=""fr-FR""]";Corps;Cuerpo
"//catalog/category[attribute::category-id=""curl-secret""]/display-name[attribute::xml:lang=""fr-FR""]";Curl Secret;Curl Secret
"//catalog/category[attribute::category-id=""curl-secret""]/page-attributes/page-description[attribute::xml:lang=""fr-FR""]";L'iconique Curl Secret : le boucleur automatique ionique révolutionnaire ! Avec sa facilité d'utilisation, obtenez des boucles rapidement et sans effort !;El icónico Curl Secret: ¡el revolucionario rizador 100% automático e iónico! Con su facilidad de uso, ¡consigue unos rizos rápidamente y sin esfuerzo!
"//catalog/category[attribute::category-id=""curl-secret""]/page-attributes/page-title[attribute::xml:lang=""fr-FR""]";Curl Secret : LE boucleur automatique - BaByliss Paris;Curl Secret: El  rizador automático  - BaByliss Paris
"//catalog/category[attribute::category-id=""editionslimitees""]/display-name[attribute::xml:lang=""fr-FR""]";Nos éditions limitées;Nuestras ediciones limitadas
"//catalog/category[attribute::category-id=""entretien-barbe""]/custom-attributes/custom-attribute[attribute::attribute-id=""headerMenuBanner""]";"Faites plaisir à votre moitié et arborez une barbe douce !<br/>
Découvrez notre gamme soin de la barbe : brosse à barbe… <br/>
Obtenez un poil soyeux, brillant et résistant en un tour de main comme au sortir du barbier !";"¡Complace a tu pareja y luce una barba suave!<br/>
Descubre nuestra gama para el cuidado de la barba: cepillo para barba… <br/>
¡Consigue en un momento un vello sedoso, brillante y resistente, como recién salido de la barbería!"
"//catalog/category[attribute::category-id=""entretien-barbe""]/description[attribute::xml:lang=""fr-FR""]";Obtenez un poil soyeux, brillant et résistant en un tour de main !;¡Consigue en un momento un vello sedoso, brillante y resistente!
"//catalog/category[attribute::category-id=""entretien-barbe""]/display-name[attribute::xml:lang=""fr-FR""]";Soin de la barbe;Cuidado de la barba
"//catalog/category[attribute::category-id=""entretien-barbe""]/page-attributes/page-description[attribute::xml:lang=""fr-FR""]";Découvrez notre gamme soins barbe : brosse barbe, peigne barbe - Une gamme soin pro pour entretenir et adoucir sa barbe !;Descubre nuestra gama para el cuidado de la barba: cepillo para barba, peine para barba - ¡Una gama de cuidado profesional para cuidar y suavizar la barba!
"//catalog/category[attribute::category-id=""entretien-barbe""]/page-attributes/page-title[attribute::xml:lang=""fr-FR""]";Soin de la barbe : découvrez notre gamme - BaByliss For Men;Cuidado de la barba: descubre nuestra gama - BaByliss Men
"//catalog/category[attribute::category-id=""epilateur-electrique""]/custom-attributes/custom-attribute[attribute::attribute-id=""headerMenuBanner""]";Dites adieu aux poils, même les plus courts avec l'épilateur électrique BaByliss Paris !<br/> Ergonomique, confortable et efficace, l'épilation devient un plaisir. <br/>Gagnez du temps grâce à nos épilateurs électriques qui vous permettent d'obtenir un résultat <br/>net en un temps record!;¡Di adiós al vello, incluso al más corto, con la depiladora eléctrica BaByliss Paris!<br/> Ergonómica, cómoda y eficaz: la depilación se convertirá en un placer. <br/>¡Ahorra tiempo con nuestras depiladoras eléctricas, que te permitirán lograr un resultado <br/>preciso en un tiempo récord!
"//catalog/category[attribute::category-id=""epilateur-electrique""]/description[attribute::xml:lang=""fr-FR""]";Une épilation au poil et sans douleur;Una depilación perfecta y sin dolor
"//catalog/category[attribute::category-id=""epilateur-electrique""]/display-name[attribute::xml:lang=""fr-FR""]";Épilateurs et rasoirs électriques;Depiladoras y afeitadoras eléctricas
"//catalog/category[attribute::category-id=""epilateur-electrique""]/page-attributes/page-description[attribute::xml:lang=""fr-FR""]";Découvrez nos épilateurs électriques : épilation corps, épilation maillot, épilation sans douleur pour des jambes lisses et douces plus vite et plus longtemps !;Descubre nuestras depiladoras eléctricas: depilación del cuerpo, depilación de la línea del bikini, ¡depilación sin dolor para unas piernas lisas y suaves más rápido y durante más tiempo!
"//catalog/category[attribute::category-id=""epilateur-electrique""]/page-attributes/page-title[attribute::xml:lang=""fr-FR""]";Epilateur électrique : découvrez notre gamme - BaByliss Paris;Depilación eléctrica: descubre nuestra gama - BaByliss Paris
"//catalog/category[attribute::category-id=""epilateur-lumiere-pulsee""]/custom-attributes/custom-attribute[attribute::attribute-id=""headerMenuBanner""]";Marre de passer des heures dans la salle de bain ? <br/>Découvrez l'épilation à lumière pulsée, une méthode d'épilation durable et indolore. <br/>Pour des jambes lisses et douces plus longtemps, BaByliss Paris vous propose un large<br/> choix d'épilateurs à lumière pulsée.;¿Cansada de pasar horas en el cuarto de baño? <br/>Descubre la depilación de luz pulsada, un método de depilación duradero e indoloro. <br/>Para conseguir unas piernas lisas y suaves durante más tiempo, BaByliss Paris te propone una amplia<br/> gama de depiladoras de luz pulsada.
"//catalog/category[attribute::category-id=""epilateur-lumiere-pulsee""]/display-name[attribute::xml:lang=""fr-FR""]";Epilation à lumière pulsée;Depilación con luz pulsada
"//catalog/category[attribute::category-id=""epilateur-lumiere-pulsee""]/page-attributes/page-description[attribute::xml:lang=""fr-FR""]";Découvrez nos épilateurs lumière pulsée : épilation corps et zones sensible, sans fil, skin sensor pour une épilation 0 douleur, durable et ultra-rapide !;Descubre nuestras depiladoras con luz pulsada: depilación del cuerpo y de las zonas sensibles, sin cable, skin sensor para una depilación sin dolor, ¡duradera y ultrarrápida!
"//catalog/category[attribute::category-id=""epilateur-lumiere-pulsee""]/page-attributes/page-title[attribute::xml:lang=""fr-FR""]";Epilateur à lumière pulsée : toute la gamme - BaByliss Paris;Depiladora con luz pulsada: toda la gama - BaByliss Paris
"//catalog/category[attribute::category-id=""epilation""]/display-name[attribute::xml:lang=""fr-FR""]";Epilation;Depilación
"//catalog/category[attribute::category-id=""epilation-lumiere-pulsee-homme""]/custom-attributes/custom-attribute[attribute::attribute-id=""headerMenuBanner""]";Obtenez un torse imberbe sans douleur et en un rien de temps grâce à nos épilateurs à lumière pulsée. Grâce à sa technologie révolutionnaire, domptez durablement votre pilosité sans vous rendre à l'institut.;Obtén un torso suave y sin dolor en un abrir y cerrar de ojos con nuestras depiladoras de luz pulsada. Gracias a su revolucionaria tecnología, puedes controlar tu vello de forma duradera sin tener que ir al centro de belleza.
"//catalog/category[attribute::category-id=""epilation-lumiere-pulsee-homme""]/display-name[attribute::xml:lang=""fr-FR""]";Epilation à lumière pulsée;Depilación con luz pulsada
"//catalog/category[attribute::category-id=""epilation-lumiere-pulsee-homme""]/page-attributes/page-description[attribute::xml:lang=""fr-FR""]";Découvrez nos épilateurs lumière pulsee : épilation corps homme, épilation semi permanente, skin sensor - Epilation 0 douleurs, durable et ultra-rapide !;Descubre nuestras depiladoras con luz pulsada: depilación del cuerpo masculino, depilación semipermanente, skin sensor - Depilación sin dolor, ¡duradera y ultrarrápida!
"//catalog/category[attribute::category-id=""epilation-lumiere-pulsee-homme""]/page-attributes/page-title[attribute::xml:lang=""fr-FR""]";Epilateur à lumière pulsée Homme - BaByliss For Men;Depiladora con luz pulsada para hombre - BaByliss Men
"//catalog/category[attribute::category-id=""femme""]/custom-attributes/custom-attribute[attribute::attribute-id=""headerMenuBanner""]";"<p>
<a class=""banner-link js-gtm-push"" href=""$httpsUrl('Product-Show', 'pid', 'DIGITALSENSOR6500')$"" data-gtm-pushtype=""Push Product Top"">

<img alt=""curl secret C1300"" src=""images/encart_nav6500e.jpg?$staticlink$"" title=""digital sensor "" /></a>

<a class=""banner-link js-gtm-push"" href=""$httpsUrl('Product-Show', 'pid', 'HEROST495E')$"" data-gtm-pushtype=""Push Product Bottom"">

<img alt=""st495 steam pure"" src=""images/encart_nav_st495.png?$staticlink$"" title=""steam pure "" /></a>


</p>";"<p>
<a class=""banner-link js-gtm-push"" href=""$httpsUrl('Product-Show', 'pid', 'DIGITALSENSOR6500')$"" data-gtm-pushtype=""Push Product Top"">

<img alt=""curl secret C1300"" src=""images/encart_nav6500e.jpg?$staticlink$"" title=""digital sensor "" /></a>

<a class=""banner-link js-gtm-push"" href=""$httpsUrl('Product-Show', 'pid', 'HEROST495E')$"" data-gtm-pushtype=""Push Product Bottom"">

<img alt=""st495e steam pure"" src=""images/encart_nav_st495.png?$staticlink$"" title=""steam pure "" /></a>


</p>"
"//catalog/category[attribute::category-id=""femme""]/display-name[attribute::xml:lang=""fr-FR""]";La femme;Mujer
"//catalog/category[attribute::category-id=""femme""]/page-attributes/page-description[attribute::xml:lang=""fr-FR""]";Découvrez tout l'univers femme BaByliss : solutions professionnelles pour la coiffure, l'épilation et le maquillage;Descubre todo el universo mujer BaByliss: soluciones profesionales para el cuidado y la belleza en pelo, la depilación y el maquillaje
"//catalog/category[attribute::category-id=""femme""]/page-attributes/page-title[attribute::xml:lang=""fr-FR""]";BaByliss : LA référence coiffure, épilation et beauté pour femme;BaByliss: la marca de referencia de pelo, depilación y la belleza de mujer
"//catalog/category[attribute::category-id=""fer-a-boucler""]/custom-attributes/custom-attribute[attribute::attribute-id=""headerMenuBanner""]";Boucler ses cheveux n'a jamais été aussi simple et rapide <br/>qu'avec nos fers à friser. Créez des ondulations sophistiquées ou des <br/>boucles naturelles avec nos boucleurs ionique ou à vapeur. <br/>Quelle que soit votre nature ou longueur de cheveux, vous <br/>trouverez le modèle qui vous convient.;Rizar el pelo nunca ha sido tan fácil y rápido <br/>como con nuestros rizadores. Crea unas ondas sofisticadas o unos <br/>rizos naturales con nuestras tenacillas iónicas o de vapor. <br/>Sea cual sea el tipo de cabello o su tamaño, <br/>encontrarás el modelo que necesitas.
"//catalog/category[attribute::category-id=""fer-a-boucler""]/display-name[attribute::xml:lang=""fr-FR""]";Fers à boucler;Tenacillas
"//catalog/category[attribute::category-id=""fer-a-boucler""]/page-attributes/page-description[attribute::xml:lang=""fr-FR""]";Découvrez nos fers à boucler : fer à boucler conique, fer à boucler gros diamètre, fer à boucler pro... Osez les boucles glamours !;Descubre nuestras tenacillas: tenacillas cónicas, tenacillas con diámetro grande, tenacillas profesionales... ¡Atrévete con unos rizos glamurosos!
"//catalog/category[attribute::category-id=""fer-a-boucler""]/page-attributes/page-title[attribute::xml:lang=""fr-FR""]";Fer à boucler : Découvrez notre gamme - BaByliss Paris;Tenacillas: Descubre nuestra gama - BaByliss Paris
"//catalog/category[attribute::category-id=""homme""]/custom-attributes/custom-attribute[attribute::attribute-id=""headerMenuBanner""]";"<p><a class=""banner-link js-gtm-push"" href=""$httpsUrl('Product-Show', 'pid', 'pro45intense')$"" data-gtm-pushtype=""Push Product Top""><img alt="""" src=""images/E980E_E985E.png?$staticlink$"" title=""Le Designer"" /></a> <a class=""banner-link js-gtm-push"" href=""$httpsUrl('Search-Show', 'q', 'T839E')$"" data-gtm-pushtype=""Push Product Bottom""><img alt="""" src=""images/T839E_nav.png?$staticlink$"" title=""T839E"" /></a></p>";"<p><a class=""banner-link js-gtm-push"" href=""$httpsUrl('Product-Show', 'pid', 'pro45intense')$"" data-gtm-pushtype=""Push Product Top""><img alt="""" src=""images/E980E_E985E.png?$staticlink$"" title=""Le Designer"" /></a> <a class=""banner-link js-gtm-push"" href=""$httpsUrl('Search-Show', 'q', 'T839E')$"" data-gtm-pushtype=""Push Product Bottom""><img alt="""" src=""images/T839E_nav.png?$staticlink$"" title=""T839E"" /></a></p>"
"//catalog/category[attribute::category-id=""homme""]/display-name[attribute::xml:lang=""fr-FR""]";L'homme;Hombre
"//catalog/category[attribute::category-id=""homme""]/page-attributes/page-description[attribute::xml:lang=""fr-FR""]";Découvrez tout l'univers BaByliss For Men : solutions professionnelles pour le soin du cheveux, de la barbe et du corps !;Descubre todo el universo BaByliss Men: ¡soluciones profesionales para el cuidado del cabello, de la barba y del cuerpo!
"//catalog/category[attribute::category-id=""homme""]/page-attributes/page-title[attribute::xml:lang=""fr-FR""]";BaByliss For Men : tondeuse professionnelle homme;BaByliss Men: cortapelos profesional para hombre
"//catalog/category[attribute::category-id=""kits-multi-usages-cheveux""]/custom-attributes/custom-attribute[attribute::attribute-id=""headerMenuBanner""]";L'entretien de toutes les zones du corps en un seul geste! Grâce à la tondeuse multi-fonction, optez pour la polyvalence et la performance professionnelle.;¡Para cuidar todas las zonas del cuerpo con un solo movimiento! Gracias al cortapelos multifunción, elige la polivalencia y el rendimiento de la herramienta profesional.
"//catalog/category[attribute::category-id=""kits-multi-usages-cheveux""]/display-name[attribute::xml:lang=""fr-FR""]";Tondeuses multi-usages;Cortapelos multiusos
"//catalog/category[attribute::category-id=""kits-multi-usages-cheveux""]/page-attributes/page-description[attribute::xml:lang=""fr-FR""]";Découvrez nos tondeuses multi-fonctions : tondeuse cheveux et barbe, tondeuse corps homme, tondeuse multifonction pro - Tout le soin de l'homme en 1 appareil !;Descubre nuestros cortapelos multiusos: cortapelos para cabello y barba, cortapelos para cuerpo hombre, cortapelos multifunción profesional. ¡Todo el cuidado para el hombre en un solo aparato!
"//catalog/category[attribute::category-id=""kits-multi-usages-cheveux""]/page-attributes/page-title[attribute::xml:lang=""fr-FR""]";Tondeuse multi-usage : découvrez notre gamme - BaByliss For Men;Cortapelos multiuso: descubre nuestra gama - BaByliss Men
"//catalog/category[attribute::category-id=""kits-multi-usages-corps""]/description[attribute::xml:lang=""fr-FR""]";Un résultat adapté à chaque zone du corps;Un resultado adaptado a todas las zonas del cuerpo
"//catalog/category[attribute::category-id=""kits-multi-usages-corps""]/display-name[attribute::xml:lang=""fr-FR""]";Tondeuses multi-usages;Cortapelos multiusos
"//catalog/category[attribute::category-id=""kits-multi-usages-corps""]/page-attributes/page-description[attribute::xml:lang=""fr-FR""]";Découvrez nos tondeuses multi-fonctions : tondeuse cheveux et barbe, tondeuse corps homme, tondeuse multifonction pro - Tout le soin de l'homme en 1 appareil !;Descubre nuestros cortapelos multiusos: cortapelos para cabello y barba, cortapelos para cuerpo hombre, cortapelos multifunción profesional. ¡Todo el cuidado para el hombre en una sóla herramienta!
"//catalog/category[attribute::category-id=""kits-multi-usages-corps""]/page-attributes/page-title[attribute::xml:lang=""fr-FR""]";Tondeuse multi-usage : découvrez notre gamme - BaByliss For Men;Cortapelos multiuso: descubre nuestra gama - BaByliss Men
"//catalog/category[attribute::category-id=""lisseur""]/custom-attributes/custom-attribute[attribute::attribute-id=""headerMenuBanner""]";"Marre des frisottis et des mèches rebelles ? Adoptez une chevelure lisse <br />
et brillante avec nos fers à lisser. De l'usage quotidien à occasionnel,<br />
nos modèles s'adaptent à vos envies. Optez pour un modèle ionic<br />
pour un lissage impeccable <br />
Découvrez nos modèles à vapeur pour un lissage efficace et des cheveux <br/>protégés.";"¿Cansada del encrespamiento y de los mechones rebeldes? Consigue un pelo realmente liso y brillante <br />
y brillante con nuestra plancha. Para uso cotidiano u ocasional,<br />
nuestros modelos se adaptan a tus necesidades. Elige un modelo iónico<br />
para un alisado impecable <br />
Descubre nuestros modelos de vapor para un alisado eficaz y un cabello <br/>protegido."
"//catalog/category[attribute::category-id=""lisseur""]/description[attribute::xml:lang=""fr-FR""]";Un résultat irréprochable sur vos mèches;Un resultado impecable en tu pelo
"//catalog/category[attribute::category-id=""lisseur""]/display-name[attribute::xml:lang=""fr-FR""]";Les lisseurs;Planchas
"//catalog/category[attribute::category-id=""lisseur""]/page-attributes/page-description[attribute::xml:lang=""fr-FR""]";Découvrez nos fers à lisser : lisseur vapeur, fer à lisser professionnel ou lisseur boucleur - Finis les frisottis!;Descubre nuestras planchas: plancha de vapor, plancha profesional o plancha tenacillas - ¡Acabados que se mantienen sin encrespamiento!
"//catalog/category[attribute::category-id=""lisseur""]/page-attributes/page-title[attribute::xml:lang=""fr-FR""]";Fer à lisser / lisseur : Découvrez notre gamme - BaByliss;Plancha/alisador: Descubre nuestra gama - BaByliss
"//catalog/category[attribute::category-id=""manucure-et-pedicure""]/custom-attributes/custom-attribute[attribute::attribute-id=""headerMenuBanner""]";Sublimez vos mains et vos pieds grâce à nos kits manucure/pédicure!<br/>Obtenez chez vous une peau douce et souple comme à l'institut.;¡Consigue unas manos y unos pies perfectos gracias a nuestros kits de manicura/pedicura!<br/>Logra en tu casa una piel suave y flexible como en un centro de belleza.
"//catalog/category[attribute::category-id=""manucure-et-pedicure""]/display-name[attribute::xml:lang=""fr-FR""]";Manucure et pédicure;Manicura y pedicura
"//catalog/category[attribute::category-id=""manucure-et-pedicure""]/page-attributes/page-description[attribute::xml:lang=""fr-FR""]";Découvrez nos kits Manucure - Pédicure : coupe ongles, rape pied électrique, coupe cuticule, limes à ongles - L'essentiel pour des mains et des pieds doux !;Descubre nuestros kits de Manicura - Pedicura: cortaúñas, lima para pies eléctrica, cortacutículas, limas de uñas - ¡Lo esencial para unas manos y unos pies suaves!
"//catalog/category[attribute::category-id=""manucure-et-pedicure""]/page-attributes/page-title[attribute::xml:lang=""fr-FR""]";Manucure - Pédicure : découvrez notre gamme - BaByliss Paris;Manicura - Pedicura: descubre nuestra gama - BaByliss Paris
"//catalog/category[attribute::category-id=""mini""]/display-name[attribute::xml:lang=""fr-FR""]";Les Minis électriques;Aparatos eléctricos mini
"//catalog/category[attribute::category-id=""mini""]/page-attributes/page-title[attribute::xml:lang=""fr-FR""]";Découvrez les minis électriques;Descubre nuestro productos eléctricos en miniatura
"//catalog/category[attribute::category-id=""miroir""]/display-name[attribute::xml:lang=""fr-FR""]";Miroirs;Espejos
"//catalog/category[attribute::category-id=""miroir""]/page-attributes/page-description[attribute::xml:lang=""fr-FR""]";Découvrez nos miroirs lumineux : miroir rond, miroir grossissant, miroir salle de bain -  Idéal pour le soin de la peau et le maquillage !;Descubre nuestros espejos luminosos: espejo redondo, espejo de aumento, espejo de cuarto de baño - ¡Ideal para el cuidado de la piel y el maquillaje!
"//catalog/category[attribute::category-id=""miroir""]/page-attributes/page-title[attribute::xml:lang=""fr-FR""]";Miroir : découvrez notre gamme - BaByliss Paris;Espejo: descubre nuestra gama - BaByliss Paris
"//catalog/category[attribute::category-id=""multi-styler""]/custom-attributes/custom-attribute[attribute::attribute-id=""headerMenuBanner""]";"Réinventez-vous à l'infini grâce à nos multistylers BaByliss Paris. <br/>Osez tous les styles en mixant les accessoires. Re-découvrez les bigoudis : la méthode douce<br/>
pour des boucles élégantes. Nos bigoudis chauffants sont conçus pour une pose facile <br/>et  une tenue longue durée.";"Reinvéntate hasta el infinito con nuestros multistylers BaByliss Paris <br/>Atrévete con todos los estilos mezclando los accesorios. Redescubre los rulos: el método suave<br/>
para unos rizos elegantes. Nuestros rulos térmicos están concebidos para una fácil colocación <br/>y una larga duración."
"//catalog/category[attribute::category-id=""multi-styler""]/display-name[attribute::xml:lang=""fr-FR""]";Multi stylers et bigoudis;Multistylers y rulos
"//catalog/category[attribute::category-id=""multi-styler""]/page-attributes/page-description[attribute::xml:lang=""fr-FR""]";Découvrez nos Multistyler : le Fun Style et le Style Mix - Pleins d'accessoires pour oser tous les styles !;Descubre nuestros Multistylers: Fun Style y Style Mix - ¡Con muchos accesorios para atreverte con todos los estilos!
"//catalog/category[attribute::category-id=""multi-styler""]/page-attributes/page-title[attribute::xml:lang=""fr-FR""]";Multi Styler : Découvre notre gamme - BaByliss Paris;Multistyler: Descubre nuestra gama - BaByliss Paris
"//catalog/category[attribute::category-id=""seche-cheveux""]/custom-attributes/custom-attribute[attribute::attribute-id=""headerMenuBanner""]";Envie d'un brushing comme au salon ? <br/>Découvrez nos modèles de sèche-cheveux allant des classiques, complets <br/>et personnalisables, aux professionnels qui raviront les plus exigeantes.<br/> Pour les voyageuses, nos sèche-cheveux malins et transportables<br/> vous accompagneront partout !;¿Te gustaría un cepillado como de peluquería? <br/>Descubre nuestros modelos de secador que van desde los clásicos, completos <br/>y personalizables, a los profesionales, que cumplirán con las expectativas más exigentes.<br/> Para las viajeras, nuestros secadores inteligentes y transportables<br/> ¡te acompañarán a todos los sitios!
"//catalog/category[attribute::category-id=""seche-cheveux""]/description[attribute::xml:lang=""fr-FR""]";Une coiffure pro sans bouger de chez vous;Un peinado profesional sin salir de casa
"//catalog/category[attribute::category-id=""seche-cheveux""]/display-name[attribute::xml:lang=""fr-FR""]";Les sèche-cheveux;Secadores
"//catalog/category[attribute::category-id=""seche-cheveux""]/page-attributes/page-description[attribute::xml:lang=""fr-FR""]";Découvrez nos sèches cheveux : seche cheveux professionnels, seche cheveux silencieux, seche cheveux de voyage, seche cheveux ionique... et plus encore !;Descubre nuestros secadores: secadores profesionales, secadores silenciosos, secadores de viaje, secadores iónicos... ¡y mucho más!
"//catalog/category[attribute::category-id=""seche-cheveux""]/page-attributes/page-title[attribute::xml:lang=""fr-FR""]";Sèche-cheveux : Découvrez notre gamme - BaByliss Paris;Secador: Descubre nuestra gama - BaByliss Paris
"//catalog/category[attribute::category-id=""tondeuse-barbe""]/custom-attributes/custom-attribute[attribute::attribute-id=""headerMenuBanner""]";"Plutôt barbe de trois jours ou bien fournie ? <br/>
Gardez le style avec les tondeuses à barbe BaByliss For Men de qualité professionnelle.<br/>
 Utilisation sans fil et précision de l'ajustement : sculptez votre barbe en un seul geste.";"¿Prefieres una barba de tres días o una bien poblada? <br/>
Mantén el estilo con los barberos BaByliss For Men de calidad profesional.<br/>
 Uso sin cable y precisión de ajuste: da forma a tu barba en un solo movimiento."
"//catalog/category[attribute::category-id=""tondeuse-barbe""]/description[attribute::xml:lang=""fr-FR""]";C'est presque le barbier qui vient à vous;Es casi como tener la barbería en casa
"//catalog/category[attribute::category-id=""tondeuse-barbe""]/display-name[attribute::xml:lang=""fr-FR""]";Tondeuses barbe;Barberos
"//catalog/category[attribute::category-id=""tondeuse-barbe""]/page-attributes/page-description[attribute::xml:lang=""fr-FR""]";Découvrez nos tondeuses barbe : tondeuse barbe professionnelle avec fonction rasage sans fil  - Taille et précision facile pour varier le style de barbe !;Descubre nuestros barberos: barbero profesional con función afeitado sin cable - ¡Corte y precisión fáciles para variar tu estilo de barba!
"//catalog/category[attribute::category-id=""tondeuse-barbe""]/page-attributes/page-title[attribute::xml:lang=""fr-FR""]";Tondeuse barbe : découvrez notre gamme - BaByliss For Men;Barbero: descubre nuestra gama - BaByliss Men
"//catalog/category[attribute::category-id=""tondeuse-cheveux""]/custom-attributes/custom-attribute[attribute::attribute-id=""headerMenuBanner""]";Conserver une allure soignée et une coupe nette au quotidien, <br/>c'est facile avec une tondeuse cheveux BaByliss For Men !<br/> Finis les rendez-vous chez le coiffeur : obtenez chez vous<br/> un résultat pro en toute simplicité grâce à notre gamme<br/> de tondeuses cheveux BaByliss For Men.;Conserva un aspecto arreglado y un corte definido a diario, <br/>¡es fácil con un cortapelos para cabello de BaByliss For Men !<br/> Acaba con las citas en la peluquería: logra en casa<br/> un resultado profesional con total facilidad gracias a nuestra gama<br/> de cortapelos para cabello de BaByliss For Men.
"//catalog/category[attribute::category-id=""tondeuse-cheveux""]/description[attribute::xml:lang=""fr-FR""]";Une coupe de pro sans bouger de chez vous;Un corte profesional sin salir de casa
"//catalog/category[attribute::category-id=""tondeuse-cheveux""]/display-name[attribute::xml:lang=""fr-FR""]";Tondeuses cheveux;Cortapelos para pelar en casa
"//catalog/category[attribute::category-id=""tondeuse-cheveux""]/page-attributes/page-description[attribute::xml:lang=""fr-FR""]";Découvrez nos tondeuses cheveux : tondeuse cheveux pro, tondeuse cheveux précision à plusieurs sabots - Ergonomie et précision pour une coupe nette !;Descubre nuestros cortapelos para cabello: cortapelos para cabello profesional, cortapelos para cabeza de precisión con múltiples cabezales - ¡Ergonomía y precisión para un corte bien definido!
"//catalog/category[attribute::category-id=""tondeuse-cheveux""]/page-attributes/page-title[attribute::xml:lang=""fr-FR""]";Tondeuse cheveux : découvrez notre gamme - BaByliss For Men;Cortapelos para cabello: descubre nuestra gama - BaByliss Men
"//catalog/category[attribute::category-id=""tondeuse-le-designer""]/display-name[attribute::xml:lang=""fr-FR""]";Le Designer;Le Designer
"//catalog/category[attribute::category-id=""tondeuse-multifonction""]/custom-attributes/custom-attribute[attribute::attribute-id=""headerMenuBanner""]";"L'entretien de toutes les zones du corps en un seul geste !<br />
Grâce à la tondeuse multi-fonction, optez pour la polyvalence et<br /> la performance professionnelle.";"¡Para cuidar todas las zonas del cuerpo con un solo movimiento!<br />
Gracias al cortapelos multifunción, elige la polivalencia y<br /> el rendimiento profesional."
"//catalog/category[attribute::category-id=""tondeuse-multifonction""]/description[attribute::xml:lang=""fr-FR""]";Un résultat adapté à chaque zone du corps;Un resultado adaptado a todas las zonas del cuerpo
"//catalog/category[attribute::category-id=""tondeuse-multifonction""]/display-name[attribute::xml:lang=""fr-FR""]";Tondeuses multi-usages;Cortapelos multiusos
"//catalog/category[attribute::category-id=""tondeuse-multifonction""]/page-attributes/page-description[attribute::xml:lang=""fr-FR""]";Découvrez nos tondeuses multi-fonctions : tondeuse cheveux et barbe, tondeuse corps homme, tondeuse multifonction pro - Tout le soin de l'homme en 1 appareil !;Descubre nuestros cortapelos multiusos: cortapelos para cabello y barba, cortapelos para cuerpo hombre, cortapelos multifunción profesional. ¡Todo el cuidado para el hombre en un solo aparato!
"//catalog/category[attribute::category-id=""tondeuse-multifonction""]/page-attributes/page-title[attribute::xml:lang=""fr-FR""]";Tondeuse multi-usage : découvrez notre gamme - BaByliss For Men;Cortapelos multiuso: descubre nuestra gama - BaByliss For Men
"//catalog/category[attribute::category-id=""tondeuse-nez-oreille""]/custom-attributes/custom-attribute[attribute::attribute-id=""headerMenuBanner""]";Dites adieu aux poils indésirables! <br/>En un seul geste et sans douleur, nos tondeuses Nez-Oreilles vous en débarrassent. <br/>Précision et simplicité pour une allure irréprochable!;¡Di adiós al vello no deseado! <br/>Con un solo movimiento y sin dolor, elimínalo con nuestros nariceros-orejeros. <br/>¡Precisión y simplicidad para un aspecto impecable!
"//catalog/category[attribute::category-id=""tondeuse-nez-oreille""]/description[attribute::xml:lang=""fr-FR""]";Avec elles, rien ne dépasse;Con ellos, nada se escapa
"//catalog/category[attribute::category-id=""tondeuse-nez-oreille""]/display-name[attribute::xml:lang=""fr-FR""]";Tondeuses Nez – Oreilles;Nariceros-orejeros
"//catalog/category[attribute::category-id=""tondeuse-nez-oreille""]/page-attributes/page-description[attribute::xml:lang=""fr-FR""]";Découvrez nos tondeuses nez oreilles : coupe poils nez, rasoir nez, tondeuse oreille, tondeuse nez - Finis les poils indésirables du nez et des oreilles !;Descubre nuestros nariceros-orejeros: cortapelos nariz, afeitadora para nariz, orejero, naricero - ¡El fin del vello no deseado en la nariz y las orejas!
"//catalog/category[attribute::category-id=""tondeuse-nez-oreille""]/page-attributes/page-title[attribute::xml:lang=""fr-FR""]";Tondeuse nez oreille : découvrez notre gamme - BaByliss For Men;Nariceros-orejeros: descubre nuestra gama - BaByliss Men
"//catalog/category[attribute::category-id=""trousse-de-toilette""]/custom-attributes/custom-attribute[attribute::attribute-id=""headerMenuBanner""]";Tous vos accessoires beauté (pinceau, nécessaire à manucure, fard à paupière etc) <br/>sont ordonnés avec nos collections tendance de trois trousses de toilette pour une routine<br/> beauté sans stress. Mini, moyenne ou vanity, elles se glissent dans votre sac ou valise et vous <br/>accompagnent partout.;Todos tus accesorios de belleza (brochas, kit de manicura, sombras de ojos, etc.) <br/>se organizan con nuestras colecciones de tres neceseres a la moda para una rutina de<br/> belleza sin estrés. Mini, mediano o vanity, caben en tu bolso o maleta y te <br/>acompañan a todas partes.
"//catalog/category[attribute::category-id=""trousse-de-toilette""]/display-name[attribute::xml:lang=""fr-FR""]";Trousses de toilette;Neceseres
"//catalog/category[attribute::category-id=""trousse-de-toilette""]/page-attributes/page-description[attribute::xml:lang=""fr-FR""]";Découvrez la collection trousse de toilette : trousse de toilette femme, trousse de toilette voyage, grande trousse de toillette - Pratiques et tendances !;Descubre la colección de neceseres: neceser para mujer, neceser de viaje, neceser grande - ¡Prácticos y modernos!
"//catalog/category[attribute::category-id=""trousse-de-toilette""]/page-attributes/page-title[attribute::xml:lang=""fr-FR""]";Trousse de toilette : découvrez notre gamme - BaByliss Paris;Neceser: descubre nuestra gama - BaByliss Paris
"//catalog/category[attribute::category-id=""trousse-de-toilette-homme""]/custom-attributes/custom-attribute[attribute::attribute-id=""headerMenuBanner""]";Une allure impeccable, même en vacances ou en déplacement. BaByliss For Men offre aux hommes nomades une collection de trousses de toilette pratiques et élégantes.;Un aspecto impecable, incluso de vacaciones o de viaje. BaByliss Men ofrece a los hombres más nómadas una colección de neceseres prácticos y elegantes.
"//catalog/category[attribute::category-id=""trousse-de-toilette-homme""]/display-name[attribute::xml:lang=""fr-FR""]";Trousses de toilette;Neceseres
"//catalog/category[attribute::category-id=""trousse-de-toilette-homme""]/page-attributes/page-description[attribute::xml:lang=""fr-FR""]";Découvrez notre collection de trousses de toilette homme : trousse de toilette voyage, trousse de toilette pratique -  L'indispensable de l'homme nomade;Descubre nuestra colección de neceseres para hombre: neceser de viaje, neceser práctico - Lo indispensable para el hombre nómada
"//catalog/category[attribute::category-id=""trousse-de-toilette-homme""]/page-attributes/page-title[attribute::xml:lang=""fr-FR""]";Trousse de toilette : toute la collection - BaByliss For Men;Neceser: toda la colección - BaByliss Men
"//catalog/category[attribute::category-id=""trousses-de-toilette""]/custom-attributes/custom-attribute[attribute::attribute-id=""headerMenuBanner""]";Une allure impeccable, même en vacance ou en déplacement.<br/> BaByliss For Men offre aux hommes nomades une collection de trousses <br/>de toilette pratiques et élégantes.;Un aspecto impecable, incluso de vacaciones o de viaje.<br/> BaByliss Men ofrece a los hombres una colección de neceseres <br/>prácticos y elegantes.
"//catalog/category[attribute::category-id=""trousses-de-toilette""]/display-name[attribute::xml:lang=""fr-FR""]";Toutes nos trousses;Todos nuestros neceseres
"//catalog/category[attribute::category-id=""trousses-de-toilette""]/page-attributes/page-description[attribute::xml:lang=""fr-FR""]";Découvrez notre collection de trousses de toilette homme : trousse de toilette voyage, trousse de toilette pratique -  L'indispensable de l'homme nomade;Descubre nuestra colección de neceseres para hombre: neceser de viaje, neceser práctico - Lo indispensable para el hombre nómada
"//catalog/category[attribute::category-id=""trousses-de-toilette""]/page-attributes/page-title[attribute::xml:lang=""fr-FR""]";Trousse de toilette : toute la collection - BaByliss For Men;Neceser: toda la colección - BaByliss Men